{
  "awsConfig": {
    "Auth": {
      "region": "ap-southeast-1",
      "userPoolId": "ap-southeast-1_DSOX8EIt0",
      "userPoolWebClientId": "1puik8s387ofcitpslb5mv8mj2"
    },
    "oauth": {
      "domain":"consulterdoor.auth.ap-southeast-1.amazoncognito.com",
      "redirectSignIn": ["https://www.consulterdoor.tk/"],
      "redirectSignOut": "http://localhost:3000/"

    },
    "aws_appsync_graphqlEndpoint": "https://graphql.consulterdoor.tk/graphql",
    "aws_appsync_region": "ap-southeast-1",
    "aws_appsync_authenticationType": "AMAZON_COGNITO_USER_POOLS",
    "aws_appsync_apiKey": "da2-k7e3qz5g3fclvlwgvyfa3zyszm"
  },
  "baseURL": "https://api.consulterdoor.tk/",
  "timeout": 30000
}